bib,year,classID,place,time,overall,pro,n_paddlers
A1,2014,oc2stockalum,9,44831,1571,0,2
A10,2014,oc2stockalum,7,39007,1341,0,2
A11,2014,oc2stockalum,8,42358,1508,0,2
A2,2014,oc2stockalum,2,34939,998,0,2
A3,2014,oc2stockalum,11,49374,1631,0,2
A4,2014,oc2stockalum,5,38017,1266,0,2
A5,2014,oc2stockalum,10,47110,1606,0,2
A6,2014,oc2stockalum,3,37169,1201,0,2
A7,2014,oc2stockalum,1,32574,688,0,2
A8,2014,oc2stockalum,6,38383,1298,0,2
A9,2014,oc2stockalum,4,37450,1227,0,2
B1,2014,oc4stock,1,26543,20,0,4
B2,2014,oc4stock,7,31648,545,0,4
B3,2014,oc4stock,5,28401,118,0,4
B4,2014,oc4stock,4,28013,90,0,4
B6,2014,oc4stock,2,27409,51,0,4
B7,2014,oc4stock,6,31382,498,0,4
B8,2014,oc4stock,3,27957,87,0,4
B9,2014,oc4stock,8,31797,562,0,4
C1,2014,oc2rec,6,41172,1457,0,2
C2,2014,oc2rec,3,34822,985,0,2
C3,2014,oc2rec,7,43576,1549,0,2
C4,2014,oc2rec,1,32398,649,0,2
C5,2014,oc2rec,4,38522,1313,0,2
C6,2014,oc2rec,2,34104,895,0,2
C7,2014,oc2rec,5,39331,1366,0,2
D1,2014,oc2recmix,3,38189,1280,0,2
D2,2014,oc2recmix,4,46967,1604,0,2
D3,2014,oc2recmix,2,37693,1244,0,2
D4,2014,oc2recmix,1,34406,937,0,2
E1,2014,oc2stock,6,31420,507,0,2
E10,2014,oc2stock,5,31224,482,0,2
E11,2014,oc2stock,2,30322,327,0,2
E12,2014,oc2stock,8,31824,565,0,2
E13,2014,oc2stock,7,31808,564,0,2
E14,2014,oc2stock,1,29825,259,0,2
E2,2014,oc2stock,10,33939,875,0,2
E3,2014,oc2stock,13,40529,1431,0,2
E4,2014,oc2stock,3,30587,374,0,2
E5,2014,oc2stock,9,32485,673,0,2
E6,2014,oc2stock,11,34363,929,0,2
E7,2014,oc2stock,4,30639,383,0,2
E9,2014,oc2stock,12,34391,935,0,2
F1,2014,oc2stockmix,2,34427,939,0,2
F2,2014,oc2stockmix,1,33004,753,0,2
F3,2014,oc2stockmix,3,36275,1137,0,2
J1,2014,oc1,7,38098,1271,0,1
J2,2014,oc1,1,30366,336,0,1
J3,2014,oc1,6,36957,1193,0,1
J4,2014,oc1,4,33925,873,0,1
J5,2014,oc1,5,34360,927,0,1
J6,2014,oc1,3,32275,629,0,1
J7,2014,oc1,8,39327,1365,0,1
J9,2014,oc1,2,31064,452,0,1
L10,2014,oc1master,9,32960,747,0,1
L11,2014,oc1master,2,30809,408,0,1
L12,2014,oc1master,13,36145,1123,0,1
L13,2014,oc1master,14,37451,1228,0,1
L14,2014,oc1master,6,32216,617,0,1
L15,2014,oc1master,5,32147,608,0,1
L16,2014,oc1master,7,32331,637,0,1
L17,2014,oc1master,11,33074,765,0,1
L18,2014,oc1master,4,31790,559,0,1
L2,2014,oc1master,8,32621,692,0,1
L3,2014,oc1master,3,31491,520,0,1
L4,2014,oc1master,12,33568,820,0,1
L6,2014,oc1master,10,33066,762,0,1
L7,2014,oc1master,1,30510,362,0,1
L8,2014,oc1master,15,43246,1539,0,1
P1,2014,oc2pro,30,29118,182,1,2
P10,2014,oc2pro,11,26825,27,1,2
P11,2014,oc2pro,22,27787,71,1,2
P12,2014,oc2pro,26,28176,100,1,2
P13,2014,oc2pro,18,27473,55,1,2
P14,2014,oc2pro,2,25900,2,1,2
P15,2014,oc2pro,7,26480,17,1,2
P16,2014,oc2pro,19,27502,56,1,2
P17,2014,oc2pro,14,27235,39,1,2
P18,2014,oc2pro,25,27887,82,1,2
P19,2014,oc2pro,21,27577,60,1,2
P2,2014,oc2pro,29,28481,123,1,2
P20,2014,oc2pro,16,27385,48,1,2
P21,2014,oc2pro,1,25899,1,1,2
P22,2014,oc2pro,6,26426,14,1,2
P23,2014,oc2pro,12,26842,28,1,2
P25,2014,oc2pro,4,26337,10,1,2
P26,2014,oc2pro,15,27336,45,1,2
P27,2014,oc2pro,3,26052,3,1,2
P28,2014,oc2pro,13,26937,31,1,2
P29,2014,oc2pro,9,26589,22,1,2
P30,2014,oc2pro,28,28210,104,1,2
P32,2014,oc2pro,17,27387,49,1,2
P33,2014,oc2pro,23,27799,73,1,2
P34,2014,oc2pro,32,29541,228,1,2
P35,2014,oc2pro,8,26536,19,1,2
P4,2014,oc2pro,24,27803,74,1,2
P5,2014,oc2pro,10,26785,26,1,2
P6,2014,oc2pro,31,29226,197,1,2
P7,2014,oc2pro,5,26404,12,1,2
P8,2014,oc2pro,27,28202,102,1,2
P9,2014,oc2pro,20,27512,57,1,2
R1,2014,oc1stock,6,38521,1312,0,1
R2,2014,oc1stock,4,34976,1003,0,1
R3,2014,oc1stock,7,41827,1487,0,1
R4,2014,oc1stock,3,34144,899,0,1
R5,2014,oc1stock,5,38013,1264,0,1
R6,2014,oc1stock,8,42422,1511,0,1
R7,2014,oc1stock,2,33375,792,0,1
R8,2014,oc1stock,1,31904,572,0,1
S1,2014,oc1pro,4,28919,165,1,1
S2,2014,oc1pro,5,29370,212,1,1
S3,2014,oc1pro,2,27806,75,1,1
S6,2014,oc1pro,6,30223,309,1,1
S7,2014,oc1pro,3,28532,127,1,1
S8,2014,oc1pro,1,27533,58,1,1
T1,2014,oc2cruiser,10,38105,1272,0,2
T10,2014,oc2cruiser,4,29256,199,0,2
T2,2014,oc2cruiser,3,28576,130,0,2
T3,2014,oc2cruiser,6,30176,298,0,2
T4,2014,oc2cruiser,7,30206,303,0,2
T5,2014,oc2cruiser,5,29880,262,0,2
T6,2014,oc2cruiser,9,34640,962,0,2
T7,2014,oc2cruiser,1,27899,85,0,2
T8,2014,oc2cruiser,8,30617,381,0,2
T9,2014,oc2cruiser,2,28156,98,0,2
U1,2014,oc2cruiserjrsr,1,37630,1242,0,2
V1,2014,oc2cruisermaster,7,32384,647,0,2
V10,2014,oc2cruisermaster,9,38015,1265,0,2
V2,2014,oc2cruisermaster,2,28241,106,0,2
V3,2014,oc2cruisermaster,1,28190,101,0,2
V4,2014,oc2cruisermaster,10,38481,1308,0,2
V5,2014,oc2cruisermaster,3,28522,124,0,2
V6,2014,oc2cruisermaster,6,31149,464,0,2
V7,2014,oc2cruisermaster,5,30093,286,0,2
V8,2014,oc2cruisermaster,8,34028,884,0,2
V9,2014,oc2cruisermaster,4,29508,221,0,2
X1,2014,oc2cruisermix,18,39133,1350,0,2
X10,2014,oc2cruisermix,15,31748,555,0,2
X11,2014,oc2cruisermix,11,30592,376,0,2
X12,2014,oc2cruisermix,2,29093,178,0,2
X13,2014,oc2cruisermix,8,29979,277,0,2
X14,2014,oc2cruisermix,17,36586,1163,0,2
X15,2014,oc2cruisermix,7,29832,260,0,2
X16,2014,oc2cruisermix,3,29361,210,0,2
X17,2014,oc2cruisermix,16,33151,772,0,2
X18,2014,oc2cruisermix,10,30219,306,0,2
X2,2014,oc2cruisermix,6,29739,251,0,2
X3,2014,oc2cruisermix,5,29648,237,0,2
X4,2014,oc2cruisermix,13,31012,442,0,2
X5,2014,oc2cruisermix,12,30596,377,0,2
X6,2014,oc2cruisermix,14,31534,526,0,2
X7,2014,oc2cruisermix,4,29418,215,0,2
X8,2014,oc2cruisermix,1,28873,161,0,2
X9,2014,oc2cruisermix,9,30132,292,0,2
Y1,2014,oc2cruiserwomen,1,29658,239,0,2
Y2,2014,oc2cruiserwomen,3,30660,385,0,2
Y3,2014,oc2cruiserwomen,2,30388,343,0,2
Y5,2014,oc2cruiserwomen,4,35235,1035,0,2
A2,2015,oc2stockalum,4,40464,1428,0,2
A3,2015,oc2stockalum,2,37677,1243,0,2
A4,2015,oc2stockalum,8,45782,1595,0,2
A5,2015,oc2stockalum,1,35951,1099,0,2
A6,2015,oc2stockalum,5,41897,1489,0,2
A7,2015,oc2stockalum,7,42567,1517,0,2
A8,2015,oc2stockalum,6,42165,1498,0,2
A9,2015,oc2stockalum,3,39198,1355,0,2
B1,2015,oc4stock,4,31552,531,0,4
B10,2015,oc4stock,9,39203,1356,0,4
B2,2015,oc4stock,10,39265,1360,0,4
B3,2015,oc4stock,3,30353,332,0,4
B4,2015,oc4stock,5,32470,669,0,4
B5,2015,oc4stock,1,29929,268,0,4
B6,2015,oc4stock,6,33834,860,0,4
B7,2015,oc4stock,2,30163,297,0,4
B8,2015,oc4stock,8,38631,1323,0,4
B9,2015,oc4stock,7,37199,1204,0,4
C1,2015,oc2rec,4,47030,1605,0,2
C2,2015,oc2rec,3,41407,1468,0,2
C3,2015,oc2rec,5,48246,1617,0,2
C4,2015,oc2rec,2,36960,1194,0,2
C5,2015,oc2rec,1,36318,1142,0,2
E1,2015,oc2stock,16,42639,1523,0,2
E11,2015,oc2stock,14,40494,1430,0,2
E12,2015,oc2stock,15,42089,1495,0,2
E13,2015,oc2stock,12,39047,1347,0,2
E15,2015,oc2stock,3,35113,1020,0,2
E16,2015,oc2stock,8,37982,1261,0,2
E17,2015,oc2stock,18,44507,1568,0,2
E18,2015,oc2stock,17,43144,1535,0,2
E19,2015,oc2stock,1,34091,893,0,2
E2,2015,oc2stock,7,37288,1214,0,2
E20,2015,oc2stock,5,36263,1134,0,2
E3,2015,oc2stock,4,35516,1056,0,2
E4,2015,oc2stock,6,36383,1152,0,2
E5,2015,oc2stock,2,34369,930,0,2
E6,2015,oc2stock,10,38605,1320,0,2
E7,2015,oc2stock,11,39027,1345,0,2
E8,2015,oc2stock,9,38255,1285,0,2
E9,2015,oc2stock,13,39645,1383,0,2
F1,2015,oc2stockmix,1,37059,1197,0,2
F2,2015,oc2stockmix,2,40643,1434,0,2
F3,2015,oc2stockmix,3,44491,1567,0,2
J1,2015,oc1,1,33347,786,0,1
J2,2015,oc1,2,35242,1036,0,1
J3,2015,oc1,4,38272,1290,0,1
J4,2015,oc1,3,37253,1211,0,1
L1,2015,oc1master,10,40824,1442,0,1
L10,2015,oc1master,7,35943,1098,0,1
L2,2015,oc1master,2,34741,976,0,1
L3,2015,oc1master,4,35463,1050,0,1
L4,2015,oc1master,9,38165,1277,0,1
L5,2015,oc1master,6,35890,1093,0,1
L6,2015,oc1master,1,34057,889,0,1
L7,2015,oc1master,5,35643,1068,0,1
L8,2015,oc1master,3,35225,1031,0,1
L9,2015,oc1master,8,36186,1130,0,1
P1,2015,oc2pro,15,30266,319,1,2
P10,2015,oc2pro,23,31029,444,1,2
P11,2015,oc2pro,9,29731,250,1,2
P12,2015,oc2pro,29,32276,630,1,2
P13,2015,oc2pro,14,30235,314,1,2
P14,2015,oc2pro,21,30796,405,1,2
P15,2015,oc2pro,8,29635,233,1,2
P16,2015,oc2pro,11,29801,256,1,2
P17,2015,oc2pro,33,33307,781,1,2
P18,2015,oc2pro,12,29961,271,1,2
P19,2015,oc2pro,10,29772,252,1,2
P2,2015,oc2pro,7,29587,231,1,2
P20,2015,oc2pro,25,31440,510,1,2
P21,2015,oc2pro,27,31646,544,1,2
P22,2015,oc2pro,28,32228,619,1,2
P23,2015,oc2pro,5,29512,223,1,2
P24,2015,oc2pro,13,29997,279,1,2
P25,2015,oc2pro,16,30344,331,1,2
P26,2015,oc2pro,2,28396,116,1,2
P27,2015,oc2pro,1,27773,70,1,2
P28,2015,oc2pro,3,28713,142,1,2
P29,2015,oc2pro,6,29526,226,1,2
P3,2015,oc2pro,20,30717,391,1,2
P31,2015,oc2pro,26,31588,534,1,2
P32,2015,oc2pro,30,32326,636,1,2
P33,2015,oc2pro,19,30691,387,1,2
P34,2015,oc2pro,34,35168,1028,1,2
P35,2015,oc2pro,32,32633,696,1,2
P4,2015,oc2pro,24,31182,472,1,2
P5,2015,oc2pro,31,32617,691,1,2
P6,2015,oc2pro,18,30644,384,1,2
P7,2015,oc2pro,4,29130,185,1,2
P8,2015,oc2pro,22,30843,417,1,2
P9,2015,oc2pro,17,30385,341,1,2
R2,2015,oc1stock,3,43203,1537,0,1
R3,2015,oc1stock,2,41069,1451,0,1
R4,2015,oc1stock,1,39254,1357,0,1
S10,2015,oc1pro,6,33134,769,1,1
S11,2015,oc1pro,1,31345,496,1,1
S2,2015,oc1pro,8,34436,941,1,1
S3,2015,oc1pro,5,32919,737,1,1
S5,2015,oc1pro,3,31992,581,1,1
S6,2015,oc1pro,4,32711,709,1,1
S7,2015,oc1pro,9,36298,1138,1,1
S8,2015,oc1pro,7,33664,835,1,1
S9,2015,oc1pro,2,31772,558,1,1
T10,2015,oc2cruiser,1,31454,514,0,2
T11,2015,oc2cruiser,10,35457,1049,0,2
T12,2015,oc2cruiser,12,39356,1368,0,2
T13,2015,oc2cruiser,7,33193,774,0,2
T14,2015,oc2cruiser,6,32986,752,0,2
T15,2015,oc2cruiser,11,36952,1192,0,2
T16,2015,oc2cruiser,3,32031,585,0,2
T17,2015,oc2cruiser,13,49071,1630,0,2
T2,2015,oc2cruiser,5,32943,745,0,2
T3,2015,oc2cruiser,2,31875,568,0,2
T7,2015,oc2cruiser,9,34355,926,0,2
T8,2015,oc2cruiser,4,32254,624,0,2
T9,2015,oc2cruiser,8,33512,812,0,2
U1,2015,oc2cruiserjrsr,1,35227,1032,0,2
V1,2015,oc2cruisermaster,6,34288,917,0,2
V10,2015,oc2cruisermaster,1,31876,569,0,2
V2,2015,oc2cruisermaster,2,33117,768,0,2
V3,2015,oc2cruisermaster,3,34191,904,0,2
V4,2015,oc2cruisermaster,7,36600,1165,0,2
V5,2015,oc2cruisermaster,5,34246,912,0,2
V6,2015,oc2cruisermaster,8,38195,1281,0,2
V7,2015,oc2cruisermaster,4,34226,908,0,2
X1,2015,oc2cruisermix,12,34899,992,0,2
X10,2015,oc2cruisermix,2,32370,644,0,2
X11,2015,oc2cruisermix,9,34495,949,0,2
X12,2015,oc2cruisermix,4,32525,680,0,2
X13,2015,oc2cruisermix,3,32484,672,0,2
X14,2015,oc2cruisermix,6,32742,713,0,2
X15,2015,oc2cruisermix,15,40241,1419,0,2
X2,2015,oc2cruisermix,13,35235,1034,0,2
X3,2015,oc2cruisermix,7,32934,742,0,2
X4,2015,oc2cruisermix,10,34529,953,0,2
X5,2015,oc2cruisermix,5,32622,694,0,2
X6,2015,oc2cruisermix,14,36803,1179,0,2
X7,2015,oc2cruisermix,8,34464,945,0,2
X8,2015,oc2cruisermix,11,34669,964,0,2
X9,2015,oc2cruisermix,1,32314,634,0,2
Y1,2015,oc2cruiserwomen,2,38471,1307,0,2
Y2,2015,oc2cruiserwomen,1,33466,806,0,2
A1,2016,oc2stockalum,3,38332,1294,0,2
A10,2016,oc2stockalum,9,45663,1592,0,2
A2,2016,oc2stockalum,8,42453,1513,0,2
A3,2016,oc2stockalum,7,42397,1510,0,2
A4,2016,oc2stockalum,2,37298,1217,0,2
A5,2016,oc2stockalum,1,34613,959,0,2
A6,2016,oc2stockalum,10,45983,1598,0,2
A7,2016,oc2stockalum,4,38935,1338,0,2
A8,2016,oc2stockalum,6,41452,1470,0,2
A9,2016,oc2stockalum,5,39259,1358,0,2
B1,2016,oc4stock,7,33426,800,0,4
B10,2016,oc4stock,8,34576,957,0,4
B11,2016,oc4stock,10,38303,1293,0,4
B2,2016,oc4stock,1,29142,186,0,4
B3,2016,oc4stock,4,31199,479,0,4
B4,2016,oc4stock,2,29885,263,0,4
B5,2016,oc4stock,3,30569,371,0,4
B6,2016,oc4stock,6,33422,797,0,4
B7,2016,oc4stock,5,31261,486,0,4
B8,2016,oc4stock,9,35747,1078,0,4
B9,2016,oc4stock,11,38388,1299,0,4
C1,2016,oc2rec,6,47770,1612,0,2
C2,2016,oc2rec,3,37232,1208,0,2
C3,2016,oc2rec,4,37511,1231,0,2
C4,2016,oc2rec,5,46534,1600,0,2
C6,2016,oc2rec,1,36154,1124,0,2
C8,2016,oc2rec,2,36826,1183,0,2
D1,2016,oc2recmix,2,45401,1585,0,2
D2,2016,oc2recmix,1,38091,1270,0,2
E1,2016,oc2stock,12,38262,1288,0,2
E11,2016,oc2stock,10,37563,1235,0,2
E12,2016,oc2stock,7,35769,1081,0,2
E13,2016,oc2stock,6,35412,1046,0,2
E14,2016,oc2stock,8,35778,1082,0,2
E15,2016,oc2stock,3,34124,897,0,2
E16,2016,oc2stock,5,34859,989,0,2
E17,2016,oc2stock,11,38185,1279,0,2
E3,2016,oc2stock,4,34794,981,0,2
E5,2016,oc2stock,1,33488,809,0,2
E6,2016,oc2stock,9,35823,1087,0,2
E7,2016,oc2stock,2,33673,838,0,2
E8,2016,oc2stock,13,39963,1402,0,2
E9,2016,oc2stock,14,40630,1433,0,2
F1,2016,oc2stockmix,4,38553,1315,0,2
F2,2016,oc2stockmix,5,39538,1377,0,2
F3,2016,oc2stockmix,3,36189,1131,0,2
F4,2016,oc2stockmix,1,35039,1014,0,2
F5,2016,oc2stockmix,2,36051,1113,0,2
J1,2016,oc1,1,33936,874,0,1
J3,2016,oc1,3,38703,1327,0,1
J4,2016,oc1,2,35852,1090,0,1
L1,2016,oc1master,10,39783,1391,0,1
L11,2016,oc1master,13,43618,1552,0,1
L13,2016,oc1master,5,35321,1043,0,1
L14,2016,oc1master,7,38277,1291,0,1
L15,2016,oc1master,3,34903,994,0,1
L2,2016,oc1master,12,40780,1440,0,1
L3,2016,oc1master,4,35017,1008,0,1
L4,2016,oc1master,8,38514,1311,0,1
L5,2016,oc1master,6,36230,1132,0,1
L6,2016,oc1master,11,39904,1397,0,1
L7,2016,oc1master,9,39432,1371,0,1
L8,2016,oc1master,1,33752,846,0,1
L9,2016,oc1master,2,33760,847,0,1
P1,2016,oc2pro,22,30327,328,1,2
P10,2016,oc2pro,16,30074,283,1,2
P11,2016,oc2pro,19,30140,295,1,2
P12,2016,oc2pro,20,30204,302,1,2
P13,2016,oc2pro,38,31638,541,1,2
P14,2016,oc2pro,31,30924,427,1,2
P15,2016,oc2pro,29,30835,414,1,2
P16,2016,oc2pro,26,30494,361,1,2
P17,2016,oc2pro,5,28583,131,1,2
P18,2016,oc2pro,41,32459,663,1,2
P2,2016,oc2pro,37,31624,536,1,2
P20,2016,oc2pro,1,27618,63,1,2
P21,2016,oc2pro,30,30858,418,1,2
P22,2016,oc2pro,23,30360,334,1,2
P23,2016,oc2pro,32,30970,438,1,2
P24,2016,oc2pro,6,28615,133,1,2
P25,2016,oc2pro,40,32141,607,1,2
P26,2016,oc2pro,9,28941,168,1,2
P27,2016,oc2pro,15,29798,255,1,2
P28,2016,oc2pro,11,29301,205,1,2
P29,2016,oc2pro,2,27686,66,1,2
P3,2016,oc2pro,12,29385,213,1,2
P30,2016,oc2pro,13,29557,229,1,2
P31,2016,oc2pro,42,32570,687,1,2
P32,2016,oc2pro,4,28466,122,1,2
P33,2016,oc2pro,34,31110,455,1,2
P34,2016,oc2pro,25,30427,354,1,2
P35,2016,oc2pro,27,30550,367,1,2
P36,2016,oc2pro,14,29704,246,1,2
P38,2016,oc2pro,21,30315,326,1,2
P40,2016,oc2pro,43,36886,1188,1,2
P41,2016,oc2pro,24,30403,350,1,2
P42,2016,oc2pro,18,30113,289,1,2
P43,2016,oc2pro,28,30791,404,1,2
P44,2016,oc2pro,17,30105,288,1,2
P45,2016,oc2pro,10,29299,204,1,2
P46,2016,oc2pro,33,31060,451,1,2
P47,2016,oc2pro,35,31409,505,1,2
P5,2016,oc2pro,3,28092,97,1,2
P6,2016,oc2pro,39,31701,550,1,2
P7,2016,oc2pro,36,31456,515,1,2
P8,2016,oc2pro,8,28780,151,1,2
P9,2016,oc2pro,7,28663,137,1,2
R1,2016,oc1stock,3,39173,1352,0,1
R3,2016,oc1stock,4,45204,1578,0,1
R4,2016,oc1stock,2,38344,1295,0,1
R5,2016,oc1stock,1,37401,1225,0,1
S10,2016,oc1pro,1,30950,434,1,1
S11,2016,oc1pro,2,31193,475,1,1
S2,2016,oc1pro,6,33052,760,1,1
S4,2016,oc1pro,5,32546,683,1,1
S7,2016,oc1pro,3,31726,553,1,1
S8,2016,oc1pro,4,32261,625,1,1
T1,2016,oc2cruiser,9,33312,782,0,2
T10,2016,oc2cruiser,12,35910,1096,0,2
T11,2016,oc2cruiser,4,31053,449,0,2
T12,2016,oc2cruiser,6,31265,488,0,2
T13,2016,oc2cruiser,10,33372,790,0,2
T14,2016,oc2cruiser,14,41417,1469,0,2
T2,2016,oc2cruiser,1,30636,382,0,2
T3,2016,oc2cruiser,8,32531,682,0,2
T4,2016,oc2cruiser,7,32079,598,0,2
T5,2016,oc2cruiser,13,41258,1461,0,2
T6,2016,oc2cruiser,3,30782,399,0,2
T7,2016,oc2cruiser,2,30700,388,0,2
T8,2016,oc2cruiser,11,34392,936,0,2
T9,2016,oc2cruiser,5,31146,463,0,2
U1,2016,oc2cruisersenior,4,33964,878,0,2
U2,2016,oc2cruisersenior,3,33816,857,0,2
U4,2016,oc2cruisersenior,1,32939,744,0,2
U5,2016,oc2cruisersenior,5,34490,947,0,2
U7,2016,oc2cruisersenior,2,33412,796,0,2
V1,2016,oc2cruisermaster,1,31200,480,0,2
V2,2016,oc2cruisermaster,7,34943,999,0,2
V3,2016,oc2cruisermaster,6,34207,907,0,2
V4,2016,oc2cruisermaster,3,32032,586,0,2
V5,2016,oc2cruisermaster,2,31319,495,0,2
V6,2016,oc2cruisermaster,5,33680,839,0,2
V7,2016,oc2cruisermaster,4,32801,722,0,2
V8,2016,oc2cruisermaster,8,37623,1240,0,2
X10,2016,oc2cruisermix,14,34532,954,0,2
X11,2016,oc2cruisermix,6,32480,671,0,2
X12,2016,oc2cruisermix,10,32847,728,0,2
X13,2016,oc2cruisermix,12,34292,919,0,2
X15,2016,oc2cruisermix,4,32167,612,0,2
X16,2016,oc2cruisermix,2,31662,547,0,2
X17,2016,oc2cruisermix,3,31925,573,0,2
X19,2016,oc2cruisermix,17,40492,1429,0,2
X2,2016,oc2cruisermix,15,34970,1002,0,2
X20,2016,oc2cruisermix,7,32623,695,0,2
X21,2016,oc2cruisermix,9,32811,723,0,2
X3,2016,oc2cruisermix,8,32761,717,0,2
X4,2016,oc2cruisermix,1,31660,546,0,2
X6,2016,oc2cruisermix,11,32956,746,0,2
X7,2016,oc2cruisermix,13,34458,944,0,2
X8,2016,oc2cruisermix,5,32282,631,0,2
X9,2016,oc2cruisermix,16,35532,1061,0,2
Y1,2016,oc2cruiserwomen,2,32490,674,0,2
Y2,2016,oc2cruiserwomen,4,38007,1262,0,2
Y4,2016,oc2cruiserwomen,3,32633,697,0,2
Y5,2016,oc2cruiserwomen,1,31459,516,0,2
A3,2017,oc2stockalum,2,36889,1189,0,2
A4,2017,oc2stockalum,5,41466,1471,0,2
A5,2017,oc2stockalum,4,38631,1322,0,2
A6,2017,oc2stockalum,1,33781,852,0,2
A7,2017,oc2stockalum,6,50398,1634,0,2
A8,2017,oc2stockalum,3,38116,1273,0,2
B1,2017,oc4stock,9,34335,923,0,4
B11,2017,oc4stock,8,33451,805,0,4
B2,2017,oc4stock,7,32551,684,0,4
B3,2017,oc4stock,6,31385,500,0,4
B4,2017,oc4stock,1,28287,109,0,4
B5,2017,oc4stock,4,30433,356,0,4
B6,2017,oc4stock,2,28311,112,0,4
B7,2017,oc4stock,3,29666,240,0,4
B8,2017,oc4stock,5,31098,454,0,4
B9,2017,oc4stock,10,40133,1411,0,4
C1,2017,oc2rec,4,37215,1207,0,2
C12,2017,oc2rec,7,45954,1596,0,2
C2,2017,oc2rec,3,36370,1149,0,2
C3,2017,oc2rec,5,37713,1247,0,2
C5,2017,oc2rec,2,36237,1133,0,2
C6,2017,oc2rec,8,48328,1619,0,2
C8,2017,oc2rec,6,43328,1543,0,2
C9,2017,oc2rec,1,35738,1077,0,2
D1,2017,oc2recmix,1,36307,1139,0,2
E1,2017,oc2stock,12,37627,1241,0,2
E10,2017,oc2stock,8,34619,960,0,2
E11,2017,oc2stock,7,34377,934,0,2
E12,2017,oc2stock,14,38269,1289,0,2
E14,2017,oc2stock,9,34925,996,0,2
E2,2017,oc2stock,4,33031,756,0,2
E20,2017,oc2stock,3,32752,716,0,2
E3,2017,oc2stock,5,33504,810,0,2
E4,2017,oc2stock,13,38045,1267,0,2
E5,2017,oc2stock,6,34231,909,0,2
E6,2017,oc2stock,1,32331,638,0,2
E7,2017,oc2stock,10,35527,1059,0,2
E8,2017,oc2stock,2,32443,659,0,2
E9,2017,oc2stock,11,37354,1219,0,2
F1,2017,oc2stockmix,1,33708,841,0,2
F2,2017,oc2stockmix,5,36144,1122,0,2
F3,2017,oc2stockmix,6,37960,1259,0,2
F4,2017,oc2stockmix,2,34776,980,0,2
F5,2017,oc2stockmix,4,35114,1021,0,2
F6,2017,oc2stockmix,3,35079,1018,0,2
J1,2017,oc1,1,32729,711,0,1
J2,2017,oc1,3,34670,965,0,1
J3,2017,oc1,2,33612,828,0,1
J4,2017,oc1,5,36722,1169,0,1
J8,2017,oc1,4,35963,1103,0,1
J9,2017,oc1,6,39856,1396,0,1
L10,2017,oc1master,6,34909,995,0,1
L12,2017,oc1master,8,36315,1140,0,1
L13,2017,oc1master,9,36329,1146,0,1
L14,2017,oc1master,12,50570,1636,0,1
L15,2017,oc1master,10,38223,1284,0,1
L16,2017,oc1master,5,34002,883,0,1
L17,2017,oc1master,4,33563,818,0,1
L3,2017,oc1master,1,31396,503,0,1
L6,2017,oc1master,3,33304,780,0,1
L7,2017,oc1master,2,32271,628,0,1
L8,2017,oc1master,7,34998,1005,0,1
L9,2017,oc1master,11,39355,1367,0,1
P1,2017,oc2pro,33,36761,1175,1,2
P10,2017,oc2pro,25,30465,359,1,2
P11,2017,oc2pro,3,27554,59,1,2
P12,2017,oc2pro,6,28257,108,1,2
P13,2017,oc2pro,18,29690,245,1,2
P14,2017,oc2pro,16,29151,189,1,2
P15,2017,oc2pro,8,28367,115,1,2
P16,2017,oc2pro,11,28793,153,1,2
P17,2017,oc2pro,32,33737,845,1,2
P18,2017,oc2pro,30,31190,473,1,2
P19,2017,oc2pro,7,28293,110,1,2
P2,2017,oc2pro,17,29159,191,1,2
P20,2017,oc2pro,28,30905,423,1,2
P21,2017,oc2pro,4,28029,93,1,2
P22,2017,oc2pro,31,32371,646,1,2
P23,2017,oc2pro,29,30923,426,1,2
P24,2017,oc2pro,20,29970,274,1,2
P25,2017,oc2pro,1,26970,32,1,2
P26,2017,oc2pro,12,28795,154,1,2
P27,2017,oc2pro,13,28799,155,1,2
P28,2017,oc2pro,19,29958,270,1,2
P29,2017,oc2pro,22,30218,305,1,2
P3,2017,oc2pro,26,30570,372,1,2
P30,2017,oc2pro,2,27384,47,1,2
P31,2017,oc2pro,9,28433,120,1,2
P32,2017,oc2pro,23,30417,352,1,2
P33,2017,oc2pro,15,29150,187,1,2
P35,2017,oc2pro,10,28760,148,1,2
P4,2017,oc2pro,14,29094,179,1,2
P5,2017,oc2pro,5,28219,105,1,2
P6,2017,oc2pro,27,30826,410,1,2
P7,2017,oc2pro,21,30213,304,1,2
P9,2017,oc2pro,24,30418,353,1,2
R1,2017,oc1stock,3,40339,1424,0,1
R2,2017,oc1stock,1,38279,1292,0,1
R4,2017,oc1stock,2,38898,1337,0,1
S1,2017,oc1pro,7,31840,567,1,1
S12,2017,oc1pro,2,30382,340,1,1
S14,2017,oc1pro,1,30306,325,1,1
S2,2017,oc1pro,5,31018,443,1,1
S4,2017,oc1pro,8,32515,677,1,1
S6,2017,oc1pro,9,33521,814,1,1
S7,2017,oc1pro,6,31485,518,1,1
S8,2017,oc1pro,4,30937,432,1,1
S9,2017,oc1pro,3,30431,355,1,1
T1,2017,oc2cruiser,9,31563,532,0,2
T10,2017,oc2cruiser,13,34773,979,0,2
T11,2017,oc2cruiser,15,38080,1269,0,2
T12,2017,oc2cruiser,7,31473,517,0,2
T13,2017,oc2cruiser,3,30279,321,0,2
T14,2017,oc2cruiser,5,30784,401,0,2
T15,2017,oc2cruiser,14,35276,1038,0,2
T16,2017,oc2cruiser,12,33044,759,0,2
T17,2017,oc2cruiser,6,31155,466,0,2
T18,2017,oc2cruiser,10,31828,566,0,2
T3,2017,oc2cruiser,8,31547,530,0,2
T5,2017,oc2cruiser,1,29151,188,0,2
T7,2017,oc2cruiser,2,29400,214,0,2
T8,2017,oc2cruiser,11,32168,613,0,2
T9,2017,oc2cruiser,4,30616,380,0,2
U10,2017,oc2cruisersenior,4,32768,720,0,2
U11,2017,oc2cruisersenior,2,32073,595,0,2
U2,2017,oc2cruisersenior,8,39180,1353,0,2
U4,2017,oc2cruisersenior,6,33380,793,0,2
U5,2017,oc2cruisersenior,5,32902,735,0,2
U6,2017,oc2cruisersenior,1,30399,349,0,2
U8,2017,oc2cruisersenior,7,33406,795,0,2
U9,2017,oc2cruisersenior,3,32404,651,0,2
V1,2017,oc2cruisermaster,2,32055,593,0,2
V2,2017,oc2cruisermaster,5,34491,948,0,2
V3,2017,oc2cruisermaster,6,41629,1478,0,2
V4,2017,oc2cruisermaster,3,32368,642,0,2
V5,2017,oc2cruisermaster,1,31174,470,0,2
V6,2017,oc2cruisermaster,4,32691,705,0,2
X1,2017,oc2cruisermix,9,32253,623,0,2
X10,2017,oc2cruisermix,6,31279,490,0,2
X11,2017,oc2cruisermix,21,39955,1400,0,2
X12,2017,oc2cruisermix,11,32850,729,0,2
X13,2017,oc2cruisermix,2,30393,345,0,2
X15,2017,oc2cruisermix,13,33807,854,0,2
X16,2017,oc2cruisermix,1,30280,322,0,2
X17,2017,oc2cruisermix,16,34286,916,0,2
X18,2017,oc2cruisermix,20,37241,1209,0,2
X19,2017,oc2cruisermix,7,31981,579,0,2
X2,2017,oc2cruisermix,3,30394,346,0,2
X20,2017,oc2cruisermix,12,33644,833,0,2
X21,2017,oc2cruisermix,8,32230,620,0,2
X22,2017,oc2cruisermix,14,33811,856,0,2
X23,2017,oc2cruisermix,17,34703,972,0,2
X24,2017,oc2cruisermix,5,31011,441,0,2
X25,2017,oc2cruisermix,15,33840,861,0,2
X26,2017,oc2cruisermix,18,35672,1070,0,2
X6,2017,oc2cruisermix,10,32680,703,0,2
X7,2017,oc2cruisermix,4,30963,436,0,2
X9,2017,oc2cruisermix,19,36100,1116,0,2
Y2,2017,oc2cruiserwomen,1,31453,513,0,2
Y3,2017,oc2cruiserwomen,2,31952,576,0,2
Y4,2017,oc2cruiserwomen,5,34731,975,0,2
Y5,2017,oc2cruiserwomen,4,33695,840,0,2
Y6,2017,oc2cruiserwomen,3,32389,648,0,2
Y8,2017,oc2cruiserwomen,7,39979,1403,0,2
Y9,2017,oc2cruiserwomen,6,35577,1063,0,2
A1,2018,oc2stockalum,9,52967,1644,0,2
A11,2018,oc2stockalum,6,44862,1572,0,2
A12,2018,oc2stockalum,7,48818,1624,0,2
A2,2018,oc2stockalum,3,37816,1253,0,2
A4,2018,oc2stockalum,4,40703,1438,0,2
A5,2018,oc2stockalum,1,34144,900,0,2
A6,2018,oc2stockalum,2,35988,1107,0,2
A7,2018,oc2stockalum,5,42991,1533,0,2
A8,2018,oc2stockalum,8,49472,1632,0,2
B1,2018,oc4stock,5,31055,450,0,4
B10,2018,oc4stock,9,34935,997,0,4
B11,2018,oc4stock,8,33914,872,0,4
B3,2018,oc4stock,7,32822,725,0,4
B4,2018,oc4stock,3,29060,176,0,4
B5,2018,oc4stock,2,28913,164,0,4
B6,2018,oc4stock,4,30392,344,0,4
B7,2018,oc4stock,10,39781,1390,0,4
B8,2018,oc4stock,1,28898,163,0,4
B9,2018,oc4stock,6,31239,484,0,4
C1,2018,oc2rec,3,37059,1198,0,2
C2,2018,oc2rec,4,42909,1531,0,2
C3,2018,oc2rec,5,48271,1618,0,2
C5,2018,oc2rec,1,34263,915,0,2
C6,2018,oc2rec,6,50576,1638,0,2
C7,2018,oc2rec,2,36675,1166,0,2
E1,2018,oc2stock,7,33424,799,0,2
E10,2018,oc2stock,4,32462,665,0,2
E12,2018,oc2stock,9,33728,844,0,2
E13,2018,oc2stock,1,31390,502,0,2
E14,2018,oc2stock,13,35500,1055,0,2
E15,2018,oc2stock,12,35474,1052,0,2
E16,2018,oc2stock,2,32080,599,0,2
E17,2018,oc2stock,18,37906,1255,0,2
E18,2018,oc2stock,6,33374,791,0,2
E19,2018,oc2stock,14,35814,1086,0,2
E2,2018,oc2stock,17,36789,1178,0,2
E20,2018,oc2stock,16,36428,1153,0,2
E3,2018,oc2stock,8,33487,808,0,2
E4,2018,oc2stock,3,32159,610,0,2
E5,2018,oc2stock,11,35002,1006,0,2
E7,2018,oc2stock,5,33071,763,0,2
E8,2018,oc2stock,15,36272,1135,0,2
E9,2018,oc2stock,10,34058,890,0,2
F1,2018,oc2stockmix,1,34189,903,0,2
F2,2018,oc2stockmix,3,34767,978,0,2
F3,2018,oc2stockmix,7,39104,1349,0,2
F4,2018,oc2stockmix,4,36750,1173,0,2
F5,2018,oc2stockmix,2,34573,956,0,2
F6,2018,oc2stockmix,5,38806,1330,0,2
F7,2018,oc2stockmix,8,40145,1412,0,2
F8,2018,oc2stockmix,6,38883,1335,0,2
J1,2018,oc1,3,37946,1257,0,1
J3,2018,oc1,4,38642,1324,0,1
J4,2018,oc1,1,33330,784,0,1
J5,2018,oc1,2,35117,1022,0,1
L1,2018,oc1master,8,39432,1370,0,1
L10,2018,oc1master,6,34891,991,0,1
L11,2018,oc1master,2,33442,803,0,1
L2,2018,oc1master,1,32900,734,0,1
L3,2018,oc1master,9,39959,1401,0,1
L5,2018,oc1master,3,33575,822,0,1
L7,2018,oc1master,5,34824,986,0,1
L8,2018,oc1master,4,33810,855,0,1
L9,2018,oc1master,7,37249,1210,0,1
P1,2018,oc2pro,5,27883,81,1,2
P10,2018,oc2pro,23,29476,218,1,2
P11,2018,oc2pro,37,30906,424,1,2
P12,2018,oc2pro,28,30235,315,1,2
P13,2018,oc2pro,8,28082,96,1,2
P14,2018,oc2pro,22,29319,208,1,2
P15,2018,oc2pro,45,31308,494,1,2
P17,2018,oc2pro,35,30813,409,1,2
P18,2018,oc2pro,21,29314,206,1,2
P2,2018,oc2pro,14,28922,166,1,2
P20,2018,oc2pro,13,28804,157,1,2
P21,2018,oc2pro,34,30528,365,1,2
P22,2018,oc2pro,15,28971,170,1,2
P23,2018,oc2pro,12,28791,152,1,2
P24,2018,oc2pro,9,28361,114,1,2
P25,2018,oc2pro,1,27011,33,1,2
P26,2018,oc2pro,25,29889,264,1,2
P27,2018,oc2pro,24,29533,227,1,2
P28,2018,oc2pro,4,27588,61,1,2
P29,2018,oc2pro,7,28070,95,1,2
P3,2018,oc2pro,33,30515,363,1,2
P30,2018,oc2pro,31,30341,330,1,2
P31,2018,oc2pro,17,28994,173,1,2
P32,2018,oc2pro,32,30457,358,1,2
P33,2018,oc2pro,10,28398,117,1,2
P34,2018,oc2pro,11,28574,129,1,2
P35,2018,oc2pro,29,30243,317,1,2
P36,2018,oc2pro,36,30831,411,1,2
P37,2018,oc2pro,41,31140,461,1,2
P38,2018,oc2pro,47,33296,779,1,2
P39,2018,oc2pro,43,31232,483,1,2
P4,2018,oc2pro,16,28991,171,1,2
P40,2018,oc2pro,26,30085,284,1,2
P41,2018,oc2pro,27,30087,285,1,2
P42,2018,oc2pro,39,30936,431,1,2
P43,2018,oc2pro,19,29059,175,1,2
P44,2018,oc2pro,20,29262,200,1,2
P45,2018,oc2pro,30,30246,318,1,2
P46,2018,oc2pro,40,31043,447,1,2
P48,2018,oc2pro,42,31196,477,1,2
P5,2018,oc2pro,44,31293,493,1,2
P50,2018,oc2pro,3,27330,44,1,2
P51,2018,oc2pro,18,29043,174,1,2
P52,2018,oc2pro,2,27327,43,1,2
P6,2018,oc2pro,48,34001,882,1,2
P7,2018,oc2pro,38,30928,428,1,2
P8,2018,oc2pro,46,32016,583,1,2
P9,2018,oc2pro,6,27974,88,1,2
R1,2018,oc1stock,1,37599,1238,0,1
R2,2018,oc1stock,3,39853,1395,0,1
R3,2018,oc1stock,2,38437,1304,0,1
S1,2018,oc1pro,6,31800,563,1,1
S3,2018,oc1pro,1,29964,272,1,1
S5,2018,oc1pro,4,31625,537,1,1
S6,2018,oc1pro,5,31749,556,1,1
S8,2018,oc1pro,3,30330,329,1,1
S9,2018,oc1pro,2,30234,313,1,1
T1,2018,oc2cruiser,3,31433,509,0,2
T10,2018,oc2cruiser,9,34121,896,0,2
T11,2018,oc2cruiser,1,30228,310,0,2
T12,2018,oc2cruiser,11,36107,1118,0,2
T2,2018,oc2cruiser,6,32426,656,0,2
T3,2018,oc2cruiser,4,31440,511,0,2
T4,2018,oc2cruiser,8,33968,879,0,2
T6,2018,oc2cruiser,5,31594,535,0,2
T7,2018,oc2cruiser,10,34681,967,0,2
T8,2018,oc2cruiser,7,32827,726,0,2
T9,2018,oc2cruiser,2,30277,320,0,2
U1,2018,oc2cruisersenior,3,32017,584,0,2
U3,2018,oc2cruisersenior,4,32974,748,0,2
U4,2018,oc2cruisersenior,1,30517,364,0,2
U5,2018,oc2cruisersenior,2,31131,459,0,2
V1,2018,oc2cruisermaster,1,30229,312,0,2
V10,2018,oc2cruisermaster,4,31727,554,0,2
V2,2018,oc2cruisermaster,7,33521,813,0,2
V3,2018,oc2cruisermaster,9,35164,1026,0,2
V4,2018,oc2cruisermaster,10,36143,1121,0,2
V5,2018,oc2cruisermaster,6,33146,770,0,2
V6,2018,oc2cruisermaster,8,34869,990,0,2
V7,2018,oc2cruisermaster,2,30556,368,0,2
V8,2018,oc2cruisermaster,5,33033,758,0,2
V9,2018,oc2cruisermaster,3,31165,469,0,2
X10,2018,oc2cruisermix,7,32529,681,0,2
X11,2018,oc2cruisermix,8,33214,775,0,2
X2,2018,oc2cruisermix,4,31398,504,0,2
X3,2018,oc2cruisermix,9,34528,952,0,2
X4,2018,oc2cruisermix,10,35031,1011,0,2
X5,2018,oc2cruisermix,3,31282,491,0,2
X6,2018,oc2cruisermix,1,30756,395,0,2
X7,2018,oc2cruisermix,6,32404,652,0,2
X8,2018,oc2cruisermix,2,31120,456,0,2
X9,2018,oc2cruisermix,5,32265,626,0,2
Y1,2018,oc2cruiserwomen,1,32767,718,0,2
A1,2019,oc2stockalum,5,47689,1610,0,2
A2,2019,oc2stockalum,4,45968,1597,0,2
A3,2019,oc2stockalum,2,35274,1037,0,2
A4,2019,oc2stockalum,1,32243,622,0,2
A6,2019,oc2stockalum,3,36319,1143,0,2
B1,2019,oc4stock,6,31941,575,0,4
B2,2019,oc4stock,3,28040,94,0,4
B3,2019,oc4stock,1,27465,54,0,4
B4,2019,oc4stock,4,29275,202,0,4
B5,2019,oc4stock,5,30561,370,0,4
B6,2019,oc4stock,2,27667,64,0,4
C1,2019,oc2rec,1,34840,987,0,2
C2,2019,oc2rec,3,39316,1364,0,2
C4,2019,oc2rec,2,38412,1303,0,2
C5,2019,oc2rec,4,40438,1427,0,2
C6,2019,oc2rec,5,42676,1525,0,2
D2,2019,oc2recmix,1,35365,1044,0,2
E1,2019,oc2stock,1,30163,296,0,2
E10,2019,oc2stock,12,33423,798,0,2
E11,2019,oc2stock,8,32615,689,0,2
E13,2019,oc2stock,20,36168,1126,0,2
E14,2019,oc2stock,11,33258,778,0,2
E15,2019,oc2stock,14,34345,924,0,2
E16,2019,oc2stock,7,31537,527,0,2
E17,2019,oc2stock,18,35765,1080,0,2
E18,2019,oc2stock,15,35004,1007,0,2
E19,2019,oc2stock,10,32934,741,0,2
E2,2019,oc2stock,13,33620,830,0,2
E20,2019,oc2stock,9,32737,712,0,2
E21,2019,oc2stock,19,35979,1106,0,2
E3,2019,oc2stock,4,30909,425,0,2
E4,2019,oc2stock,17,35627,1067,0,2
E5,2019,oc2stock,5,30934,429,0,2
E6,2019,oc2stock,6,31197,478,0,2
E7,2019,oc2stock,16,35097,1019,0,2
E8,2019,oc2stock,3,30779,398,0,2
E9,2019,oc2stock,2,30730,393,0,2
F1,2019,oc2stockmix,1,32139,606,0,2
F10,2019,oc2stockmix,5,33721,843,0,2
F2,2019,oc2stockmix,3,32662,700,0,2
F3,2019,oc2stockmix,6,34635,961,0,2
F4,2019,oc2stockmix,10,41396,1467,0,2
F5,2019,oc2stockmix,2,32439,658,0,2
F6,2019,oc2stockmix,9,37942,1256,0,2
F7,2019,oc2stockmix,4,33512,811,0,2
F8,2019,oc2stockmix,8,37410,1226,0,2
F9,2019,oc2stockmix,7,36181,1129,0,2
J1,2019,oc1,8,38811,1332,0,1
J2,2019,oc1,2,32266,627,0,1
J4,2019,oc1,3,33217,776,0,1
J5,2019,oc1,1,31196,476,0,1
J6,2019,oc1,5,35895,1095,0,1
J7,2019,oc1,6,37206,1206,0,1
J8,2019,oc1,4,34099,894,0,1
J9,2019,oc1,7,38158,1275,0,1
L1,2019,oc1master,1,31154,465,0,1
L2,2019,oc1master,4,34560,955,0,1
L3,2019,oc1master,7,40180,1413,0,1
L4,2019,oc1master,3,32895,733,0,1
L5,2019,oc1master,6,37785,1250,0,1
L6,2019,oc1master,5,36988,1195,0,1
L7,2019,oc1master,2,31637,540,0,1
P1,2019,oc2pro,6,26664,24,1,2
P10,2019,oc2pro,26,29168,193,1,2
P11,2019,oc2pro,38,30789,403,1,2
P12,2019,oc2pro,11,27446,52,1,2
P13,2019,oc2pro,3,26247,8,1,2
P14,2019,oc2pro,15,27808,76,1,2
P15,2019,oc2pro,20,28024,92,1,2
P16,2019,oc2pro,13,27678,65,1,2
P17,2019,oc2pro,17,27890,83,1,2
P18,2019,oc2pro,9,27204,38,1,2
P19,2019,oc2pro,16,27813,77,1,2
P2,2019,oc2pro,12,27600,62,1,2
P20,2019,oc2pro,27,29169,194,1,2
P21,2019,oc2pro,8,26893,30,1,2
P22,2019,oc2pro,37,30587,375,1,2
P23,2019,oc2pro,31,29809,258,1,2
P24,2019,oc2pro,5,26435,15,1,2
P25,2019,oc2pro,21,28637,136,1,2
P26,2019,oc2pro,32,29970,275,1,2
P27,2019,oc2pro,24,28773,150,1,2
P28,2019,oc2pro,25,28846,159,1,2
P29,2019,oc2pro,40,31880,570,1,2
P3,2019,oc2pro,18,28001,89,1,2
P30,2019,oc2pro,34,30135,293,1,2
P31,2019,oc2pro,33,30125,290,1,2
P32,2019,oc2pro,1,26123,4,1,2
P33,2019,oc2pro,22,28706,140,1,2
P34,2019,oc2pro,19,28019,91,1,2
P35,2019,oc2pro,29,29680,242,1,2
P36,2019,oc2pro,39,30798,406,1,2
P37,2019,oc2pro,30,29729,249,1,2
P38,2019,oc2pro,10,27248,40,1,2
P4,2019,oc2pro,28,29677,241,1,2
P40,2019,oc2pro,35,30378,338,1,2
P41,2019,oc2pro,36,30414,351,1,2
P42,2019,oc2pro,4,26372,11,1,2
P5,2019,oc2pro,2,26246,7,1,2
P6,2019,oc2pro,23,28707,141,1,2
P7,2019,oc2pro,7,26742,25,1,2
P8,2019,oc2pro,14,27787,72,1,2
P9,2019,oc2pro,41,32079,597,1,2
R1,2019,oc1stock,2,39660,1385,0,1
R3,2019,oc1stock,1,33561,817,0,1
S1,2019,oc1pro,11,31040,446,1,1
S11,2019,oc1pro,1,28934,167,1,1
S13,2019,oc1pro,8,30385,342,1,1
S14,2019,oc1pro,12,39496,1373,1,1
S16,2019,oc1pro,10,30871,419,1,1
S17,2019,oc1pro,6,29937,269,1,1
S2,2019,oc1pro,3,29516,224,1,1
S3,2019,oc1pro,2,29510,222,1,1
S4,2019,oc1pro,7,29978,276,1,1
S5,2019,oc1pro,9,30783,400,1,1
S7,2019,oc1pro,5,29710,247,1,1
S8,2019,oc1pro,4,29627,232,1,1
T10,2019,oc2cruiser,10,32921,740,0,2
T11,2019,oc2cruiser,4,30060,281,0,2
T12,2019,oc2cruiser,8,31530,524,0,2
T13,2019,oc2cruiser,1,28680,139,0,2
T17,2019,oc2cruiser,2,28719,144,0,2
T4,2019,oc2cruiser,9,32051,592,0,2
T5,2019,oc2cruiser,5,30381,339,0,2
T6,2019,oc2cruiser,7,31384,499,0,2
T7,2019,oc2cruiser,3,28854,160,0,2
T8,2019,oc2cruiser,11,33072,764,0,2
T9,2019,oc2cruiser,6,31155,467,0,2
U1,2019,oc2cruisersenior,1,30131,291,0,2
U2,2019,oc2cruisersenior,6,34080,891,0,2
U3,2019,oc2cruisersenior,2,30577,373,0,2
U5,2019,oc2cruisersenior,3,31220,481,0,2
U6,2019,oc2cruisersenior,4,33367,788,0,2
U8,2019,oc2cruisersenior,5,33804,853,0,2
V1,2019,oc2cruisermaster,3,32767,719,0,2
V2,2019,oc2cruisermaster,2,30833,412,0,2
V3,2019,oc2cruisermaster,4,36102,1117,0,2
V4,2019,oc2cruisermaster,1,30598,378,0,2
X10,2019,oc2cruisermix,6,30880,420,0,2
X11,2019,oc2cruisermix,4,30603,379,0,2
X12,2019,oc2cruisermix,11,35169,1029,0,2
X13,2019,oc2cruisermix,5,30802,407,0,2
X14,2019,oc2cruisermix,10,34289,918,0,2
X3,2019,oc2cruisermix,1,28552,128,0,2
X4,2019,oc2cruisermix,7,31424,508,0,2
X5,2019,oc2cruisermix,3,29722,248,0,2
X6,2019,oc2cruisermix,2,29114,181,0,2
X8,2019,oc2cruisermix,8,31766,557,0,2
X9,2019,oc2cruisermix,9,31991,580,0,2
Y1,2019,oc2cruiserwomen,3,32341,640,0,2
Y2,2019,oc2cruiserwomen,2,32086,600,0,2
Y4,2019,oc2cruiserwomen,1,32062,594,0,2
A1,2022,oc2stockalum,2,41175,1458,0,2
A2,2022,oc2stockalum,3,42458,1514,0,2
A3,2022,oc2stockalum,4,42462,1515,0,2
A4,2022,oc2stockalum,1,38811,1333,0,2
B1,2022,oc4stock,6,38699,1326,0,4
B3,2022,oc4stock,2,33950,877,0,4
B4,2022,oc4stock,1,33020,755,0,4
B5,2022,oc4stock,4,36737,1172,0,4
B7,2022,oc4stock,5,37589,1237,0,4
B8,2022,oc4stock,3,35802,1085,0,4
C1,2022,oc2rec,2,39593,1381,0,2
C2,2022,oc2rec,3,40047,1405,0,2
C4,2022,oc2rec,4,40273,1420,0,2
C5,2022,oc2rec,1,36041,1111,0,2
E10,2022,oc2stock,8,39289,1363,0,2
E11,2022,oc2stock,6,37283,1213,0,2
E12,2022,oc2stock,4,36991,1196,0,2
E13,2022,oc2stock,12,44755,1569,0,2
E14,2022,oc2stock,3,35623,1066,0,2
E2,2022,oc2stock,10,39589,1380,0,2
E3,2022,oc2stock,5,37148,1200,0,2
E4,2022,oc2stock,1,34044,888,0,2
E5,2022,oc2stock,2,35042,1015,0,2
E6,2022,oc2stock,7,38376,1297,0,2
E7,2022,oc2stock,11,43347,1545,0,2
E9,2022,oc2stock,9,39444,1372,0,2
F1,2022,oc2stockmix,2,37779,1249,0,2
F2,2022,oc2stockmix,3,40343,1425,0,2
F3,2022,oc2stockmix,1,35498,1054,0,2
F5,2022,oc2stockmix,4,42227,1502,0,2
J1,2022,oc1,4,42709,1526,0,1
J2,2022,oc1,2,35960,1102,0,1
J3,2022,oc1,3,37372,1220,0,1
J4,2022,oc1,1,34989,1004,0,1
L1,2022,oc1master,5,40225,1417,0,1
L18,2022,oc1master,3,36575,1162,0,1
L3,2022,oc1master,6,42205,1500,0,1
L5,2022,oc1master,1,33031,757,0,1
L7,2022,oc1master,2,35165,1027,0,1
L8,2022,oc1master,4,40224,1416,0,1
O1,2022,oc4unlimited,3,30934,430,0,4
O2,2022,oc4unlimited,2,30102,287,0,4
O3,2022,oc4unlimited,1,29889,265,0,4
P1,2022,oc2pro,26,32045,589,1,2
P10,2022,oc2pro,29,32200,616,1,2
P11,2022,oc2pro,19,31412,506,1,2
P12,2022,oc2pro,2,28756,146,1,2
P13,2022,oc2pro,43,33852,863,1,2
P14,2022,oc2pro,14,30539,366,1,2
P15,2022,oc2pro,27,32165,611,1,2
P16,2022,oc2pro,7,29496,219,1,2
P17,2022,oc2pro,39,32716,710,1,2
P18,2022,oc2pro,24,31930,574,1,2
P19,2022,oc2pro,21,31543,529,1,2
P2,2022,oc2pro,38,32708,707,1,2
P20,2022,oc2pro,42,33845,862,1,2
P21,2022,oc2pro,37,32667,701,1,2
P22,2022,oc2pro,20,31450,512,1,2
P23,2022,oc2pro,6,29345,209,1,2
P24,2022,oc2pro,32,32370,643,1,2
P25,2022,oc2pro,33,32409,654,1,2
P26,2022,oc2pro,41,33450,804,1,2
P27,2022,oc2pro,1,28403,119,1,2
P28,2022,oc2pro,47,35024,1010,1,2
P29,2022,oc2pro,11,29848,261,1,2
P3,2022,oc2pro,12,29902,266,1,2
P30,2022,oc2pro,16,30839,415,1,2
P31,2022,oc2pro,9,29586,230,1,2
P32,2022,oc2pro,44,33874,868,1,2
P33,2022,oc2pro,40,33362,787,1,2
P34,2022,oc2pro,25,32012,582,1,2
P35,2022,oc2pro,13,30397,348,1,2
P36,2022,oc2pro,31,32334,639,1,2
P38,2022,oc2pro,18,30901,421,1,2
P39,2022,oc2pro,35,32464,667,1,2
P4,2022,oc2pro,46,34371,932,1,2
P40,2022,oc2pro,17,30842,416,1,2
P41,2022,oc2pro,15,30730,392,1,2
P42,2022,oc2pro,4,29203,196,1,2
P43,2022,oc2pro,10,29808,257,1,2
P44,2022,oc2pro,45,34317,921,1,2
P45,2022,oc2pro,34,32450,661,1,2
P46,2022,oc2pro,23,31677,548,1,2
P47,2022,oc2pro,36,32565,686,1,2
P48,2022,oc2pro,5,29236,198,1,2
P49,2022,oc2pro,30,32225,618,1,2
P5,2022,oc2pro,8,29518,225,1,2
P6,2022,oc2pro,28,32183,614,1,2
P7,2022,oc2pro,3,28891,162,1,2
P8,2022,oc2pro,48,35728,1075,1,2
P9,2022,oc2pro,22,31641,543,1,2
R1,2022,oc1stock,1,42726,1527,0,1
R5,2022,oc1stock,2,44054,1558,0,1
S1,2022,oc1pro,2,31880,571,1,1
S3,2022,oc1pro,3,32975,749,1,1
S4,2022,oc1pro,5,35955,1100,1,1
S5,2022,oc1pro,4,33666,836,1,1
S6,2022,oc1pro,1,31272,489,1,1
T3,2022,oc2cruiser,3,34523,950,0,2
T4,2022,oc2cruiser,1,31952,577,0,2
T5,2022,oc2cruiser,2,34131,898,0,2
T6,2022,oc2cruiser,5,35693,1073,0,2
T7,2022,oc2cruiser,4,34685,968,0,2
U3,2022,oc2cruisersenior,3,35023,1009,0,2
U4,2022,oc2cruisersenior,2,34263,914,0,2
U5,2022,oc2cruisersenior,4,37802,1252,0,2
U6,2022,oc2cruisersenior,1,33861,865,0,2
V1,2022,oc2cruisermaster,9,35686,1071,0,2
V10,2022,oc2cruisermaster,8,35039,1013,0,2
V2,2022,oc2cruisermaster,1,32302,633,0,2
V3,2022,oc2cruisermaster,2,32455,662,0,2
V4,2022,oc2cruisermaster,3,32508,676,0,2
V5,2022,oc2cruisermaster,5,34679,966,0,2
V7,2022,oc2cruisermaster,6,34695,970,0,2
V8,2022,oc2cruisermaster,7,34845,988,0,2
V9,2022,oc2cruisermaster,4,33332,785,0,2
X1,2022,oc2cruisermix,3,33894,871,0,2
X3,2022,oc2cruisermix,4,34445,943,0,2
X4,2022,oc2cruisermix,1,32467,668,0,2
X6,2022,oc2cruisermix,2,32657,698,0,2
X7,2022,oc2cruisermix,6,42601,1519,0,2
X8,2022,oc2cruisermix,5,41113,1454,0,2
Y1,2022,oc2cruiserwomen,1,34292,920,0,2
Y2,2022,oc2cruiserwomen,2,42202,1499,0,2
A3,2023,oc2stockalum,2,45219,1579,0,2
A5,2023,oc2stockalum,3,47978,1615,0,2
A6,2023,oc2stockalum,1,44019,1556,0,2
B1,2023,oc4stock,4,36809,1180,0,4
B2,2023,oc4stock,3,36723,1170,0,4
B3,2023,oc4stock,5,37110,1199,0,4
B4,2023,oc4stock,6,38898,1336,0,4
B5,2023,oc4stock,2,36572,1160,0,4
B6,2023,oc4stock,1,35891,1094,0,4
C1,2023,oc2rec,1,38152,1274,0,2
C2,2023,oc2rec,2,41583,1476,0,2
D1,2023,oc2recmix,2,51914,1641,0,2
D2,2023,oc2recmix,1,42438,1512,0,2
E10,2023,oc2stock,5,37379,1222,0,2
E11,2023,oc2stock,7,38533,1314,0,2
E12,2023,oc2stock,2,35846,1088,0,2
E2,2023,oc2stock,11,43148,1536,0,2
E3,2023,oc2stock,10,42603,1520,0,2
E4,2023,oc2stock,8,40288,1421,0,2
E5,2023,oc2stock,3,35871,1092,0,2
E6,2023,oc2stock,4,37298,1216,0,2
E7,2023,oc2stock,9,41018,1449,0,2
E8,2023,oc2stock,1,35438,1047,0,2
E9,2023,oc2stock,6,37475,1230,0,2
F1,2023,oc2stockmix,1,38579,1316,0,2
F3,2023,oc2stockmix,4,40937,1445,0,2
F4,2023,oc2stockmix,5,41789,1485,0,2
F5,2023,oc2stockmix,2,38591,1318,0,2
F6,2023,oc2stockmix,3,40681,1436,0,2
F7,2023,oc2stockmix,6,48012,1616,0,2
J1,2023,oc1,3,49947,1633,0,1
J3,2023,oc1,2,39510,1375,0,1
J4,2023,oc1,1,37300,1218,0,1
L11,2023,oc1master,7,39265,1359,0,1
L13,2023,oc1master,4,37534,1232,0,1
L14,2023,oc1master,11,50637,1639,0,1
L15,2023,oc1master,6,38490,1310,0,1
L2,2023,oc1master,2,36690,1167,0,1
L3,2023,oc1master,10,43581,1550,0,1
L5,2023,oc1master,3,37396,1223,0,1
L6,2023,oc1master,1,36575,1161,0,1
L7,2023,oc1master,5,38070,1268,0,1
L8,2023,oc1master,9,43051,1534,0,1
L9,2023,oc1master,8,39287,1362,0,1
O1,2023,oc4unlimited,2,31486,519,0,4
O2,2023,oc4unlimited,3,31491,521,0,4
O4,2023,oc4unlimited,1,30288,324,0,4
P10,2023,oc2pro,15,31262,487,1,2
P11,2023,oc2pro,4,29774,253,1,2
P12,2023,oc2pro,11,30701,390,1,2
P13,2023,oc2pro,2,29682,243,1,2
P14,2023,oc2pro,20,32045,590,1,2
P15,2023,oc2pro,22,32659,699,1,2
P16,2023,oc2pro,40,34044,887,1,2
P17,2023,oc2pro,33,33663,834,1,2
P18,2023,oc2pro,25,32818,724,1,2
P19,2023,oc2pro,24,32776,721,1,2
P2,2023,oc2pro,42,34727,974,1,2
P20,2023,oc2pro,39,33979,880,1,2
P21,2023,oc2pro,23,32682,704,1,2
P22,2023,oc2pro,35,33771,850,1,2
P23,2023,oc2pro,34,33765,849,1,2
P25,2023,oc2pro,1,29151,190,1,2
P26,2023,oc2pro,19,31965,578,1,2
P27,2023,oc2pro,3,29685,244,1,2
P28,2023,oc2pro,10,30489,360,1,2
P29,2023,oc2pro,26,32894,731,1,2
P3,2023,oc2pro,41,34353,925,1,2
P30,2023,oc2pro,5,30063,282,1,2
P31,2023,oc2pro,28,32977,751,1,2
P32,2023,oc2pro,16,31516,523,1,2
P33,2023,oc2pro,17,31532,525,1,2
P34,2023,oc2pro,30,33571,821,1,2
P36,2023,oc2pro,9,30446,357,1,2
P37,2023,oc2pro,43,35281,1039,1,2
P38,2023,oc2pro,36,33773,851,1,2
P39,2023,oc2pro,18,31690,549,1,2
P4,2023,oc2pro,21,32615,690,1,2
P40,2023,oc2pro,32,33635,832,1,2
P41,2023,oc2pro,29,33328,783,1,2
P42,2023,oc2pro,12,30767,396,1,2
P43,2023,oc2pro,14,31193,474,1,2
P44,2023,oc2pro,13,30789,402,1,2
P45,2023,oc2pro,38,33879,869,1,2
P46,2023,oc2pro,27,32936,743,1,2
P47,2023,oc2pro,37,33834,859,1,2
P5,2023,oc2pro,44,35735,1076,1,2
P6,2023,oc2pro,6,30140,294,1,2
P7,2023,oc2pro,31,33586,823,1,2
P8,2023,oc2pro,7,30222,308,1,2
P9,2023,oc2pro,8,30368,337,1,2
R1,2023,oc1stock,2,44470,1566,0,1
R3,2023,oc1stock,3,45232,1580,0,1
R4,2023,oc1stock,1,44333,1561,0,1
S10,2023,oc1pro,6,35521,1058,1,1
S2,2023,oc1pro,3,34201,906,1,1
S3,2023,oc1pro,2,33372,789,1,1
S4,2023,oc1pro,4,35074,1017,1,1
S7,2023,oc1pro,7,41761,1484,1,1
S8,2023,oc1pro,5,35173,1030,1,1
S9,2023,oc1pro,1,32117,602,1,1
T1,2023,oc2cruiser,8,36082,1115,0,2
T10,2023,oc2cruiser,6,35518,1057,0,2
T2,2023,oc2cruiser,2,34188,902,0,2
T3,2023,oc2cruiser,3,34370,931,0,2
T5,2023,oc2cruiser,5,34661,963,0,2
T6,2023,oc2cruiser,9,37964,1260,0,2
T7,2023,oc2cruiser,1,33858,864,0,2
T8,2023,oc2cruiser,4,34433,940,0,2
T9,2023,oc2cruiser,7,35608,1065,0,2
U3,2023,oc2cruisersenior,1,34255,913,0,2
U4,2023,oc2cruisersenior,3,38160,1276,0,2
U5,2023,oc2cruisersenior,2,34362,928,0,2
V1,2023,oc2cruisermaster,2,35164,1025,0,2
V2,2023,oc2cruisermaster,1,33218,777,0,2
V3,2023,oc2cruisermaster,4,36382,1151,0,2
V4,2023,oc2cruisermaster,3,35303,1041,0,2
V5,2023,oc2cruisermaster,5,36693,1168,0,2
V6,2023,oc2cruisermaster,6,38590,1317,0,2
X1,2023,oc2cruisermix,7,39565,1379,0,2
X11,2023,oc2cruisermix,8,39693,1386,0,2
X2,2023,oc2cruisermix,5,36467,1156,0,2
X4,2023,oc2cruisermix,1,33868,866,0,2
X5,2023,oc2cruisermix,3,35555,1062,0,2
X6,2023,oc2cruisermix,4,36365,1148,0,2
X7,2023,oc2cruisermix,6,36828,1184,0,2
X9,2023,oc2cruisermix,2,35529,1060,0,2
Y1,2023,oc2cruiserwomen,2,39776,1389,0,2
Y2,2023,oc2cruiserwomen,1,35857,1091,0,2
Y3,2023,oc2cruiserwomen,3,40068,1408,0,2
Y4,2023,oc2cruiserwomen,4,41119,1455,0,2
A1,2024,oc2stockalum,3,44229,1559,0,2
A2,2024,oc2stockalum,1,41270,1463,0,2
A3,2024,oc2stockalum,4,45105,1577,0,2
A4,2024,oc2stockalum,5,50501,1635,0,2
A6,2024,oc2stockalum,2,41629,1477,0,2
B1,2024,oc4stock,6,48794,1623,0,4
B2,2024,oc4stock,1,34813,984,0,4
B3,2024,oc4stock,2,35978,1104,0,4
B4,2024,oc4stock,5,38838,1334,0,4
B5,2024,oc4stock,3,36316,1141,0,4
B6,2024,oc4stock,4,36595,1164,0,4
E1,2024,oc2stock,13,47245,1608,0,2
E10,2024,oc2stock,6,36765,1176,0,2
E11,2024,oc2stock,2,34236,910,0,2
E12,2024,oc2stock,5,36274,1136,0,2
E13,2024,oc2stock,4,35979,1105,0,2
E2,2024,oc2stock,9,39707,1387,0,2
E3,2024,oc2stock,7,37953,1258,0,2
E4,2024,oc2stock,12,44908,1573,0,2
E5,2024,oc2stock,11,43423,1547,0,2
E6,2024,oc2stock,8,38258,1286,0,2
E7,2024,oc2stock,10,40310,1423,0,2
E8,2024,oc2stock,3,35786,1083,0,2
E9,2024,oc2stock,1,34195,905,0,2
F1,2024,oc2stockmix,1,34031,885,0,2
F10,2024,oc2stockmix,7,41697,1481,0,2
F2,2024,oc2stockmix,4,39009,1342,0,2
F3,2024,oc2stockmix,8,42324,1507,0,2
F4,2024,oc2stockmix,3,37397,1224,0,2
F5,2024,oc2stockmix,5,39517,1376,0,2
F6,2024,oc2stockmix,2,35646,1069,0,2
F7,2024,oc2stockmix,9,45051,1576,0,2
F8,2024,oc2stockmix,6,40949,1446,0,2
F9,2024,oc2stockmix,10,45445,1588,0,2
J1,2024,oc1,1,36169,1127,0,1
J2,2024,oc1,2,38214,1283,0,1
L1,2024,oc1master,2,34900,993,0,1
L11,2024,oc1master,3,36175,1128,0,1
L2,2024,oc1master,4,36899,1190,0,1
L3,2024,oc1master,1,34697,971,0,1
L4,2024,oc1master,6,41036,1450,0,1
L5,2024,oc1master,5,40081,1409,0,1
L6,2024,oc1master,7,43339,1544,0,1
O1,2024,oc4unlimited,2,31052,448,0,4
O2,2024,oc4unlimited,3,32050,591,0,4
O3,2024,oc4unlimited,1,30041,280,0,4
O4,2024,oc4unlimited,4,32324,635,0,4
P1,2024,oc2pro,43,33633,831,1,2
P10,2024,oc2pro,6,29454,216,1,2
P11,2024,oc2pro,33,32370,645,1,2
P12,2024,oc2pro,24,31636,539,1,2
P13,2024,oc2pro,26,31720,552,1,2
P14,2024,oc2pro,37,32852,730,1,2
P15,2024,oc2pro,18,31081,453,1,2
P16,2024,oc2pro,29,32149,609,1,2
P17,2024,oc2pro,30,32189,615,1,2
P18,2024,oc2pro,10,30355,333,1,2
P19,2024,oc2pro,1,28807,158,1,2
P2,2024,oc2pro,36,32708,708,1,2
P21,2024,oc2pro,34,32553,685,1,2
P22,2024,oc2pro,19,31120,457,1,2
P23,2024,oc2pro,45,33943,876,1,2
P24,2024,oc2pro,28,32133,605,1,2
P25,2024,oc2pro,47,35957,1101,1,2
P26,2024,oc2pro,4,29271,201,1,2
P27,2024,oc2pro,7,29647,236,1,2
P28,2024,oc2pro,38,33005,754,1,2
P29,2024,oc2pro,40,33170,773,1,2
P3,2024,oc2pro,35,32621,693,1,2
P30,2024,oc2pro,21,31251,485,1,2
P31,2024,oc2pro,41,33592,824,1,2
P32,2024,oc2pro,9,30283,323,1,2
P33,2024,oc2pro,32,32348,641,1,2
P34,2024,oc2pro,3,29127,184,1,2
P35,2024,oc2pro,17,31032,445,1,2
P37,2024,oc2pro,14,30947,433,1,2
P38,2024,oc2pro,42,33604,825,1,2
P39,2024,oc2pro,13,30775,397,1,2
P4,2024,oc2pro,8,30177,299,1,2
P40,2024,oc2pro,49,39029,1346,1,2
P41,2024,oc2pro,20,31143,462,1,2
P42,2024,oc2pro,12,30701,389,1,2
P43,2024,oc2pro,27,32043,588,1,2
P44,2024,oc2pro,48,36482,1158,1,2
P45,2024,oc2pro,5,29299,203,1,2
P46,2024,oc2pro,23,31635,538,1,2
P47,2024,oc2pro,39,33148,771,1,2
P48,2024,oc2pro,22,31580,533,1,2
P49,2024,oc2pro,44,33869,867,1,2
P5,2024,oc2pro,11,30557,369,1,2
P50,2024,oc2pro,16,30988,440,1,2
P6,2024,oc2pro,15,30965,437,1,2
P7,2024,oc2pro,25,31709,551,1,2
P8,2024,oc2pro,31,32235,621,1,2
P9,2024,oc2pro,2,29124,183,1,2
R1,2024,oc1stock,1,41099,1453,0,1
S1,2024,oc1pro,2,32463,666,1,1
S4,2024,oc1pro,5,35305,1042,1,1
S5,2024,oc1pro,6,36475,1157,1,1
S6,2024,oc1pro,1,32461,664,1,1
S7,2024,oc1pro,4,34694,969,1,1
S8,2024,oc1pro,3,33613,829,1,1
T1,2024,oc2cruiser,3,33564,819,0,2
T2,2024,oc2cruiser,2,32706,706,0,2
T3,2024,oc2cruiser,5,37693,1245,0,2
T4,2024,oc2cruiser,1,32113,601,0,2
T5,2024,oc2cruiser,4,36496,1159,0,2
U1,2024,oc2cruisersenior,1,32295,632,0,2
U2,2024,oc2cruisersenior,2,32903,736,0,2
U3,2024,oc2cruisersenior,6,36824,1182,0,2
U4,2024,oc2cruisersenior,4,35727,1074,0,2
U5,2024,oc2cruisersenior,5,36333,1147,0,2
U6,2024,oc2cruisersenior,3,34238,911,0,2
V1,2024,oc2cruisermaster,1,32921,739,0,2
V2,2024,oc2cruisermaster,4,34039,886,0,2
V3,2024,oc2cruisermaster,2,33436,802,0,2
V4,2024,oc2cruisermaster,3,33479,807,0,2
V5,2024,oc2cruisermaster,5,36765,1177,0,2
X1,2024,oc2cruisermix,10,41076,1452,0,2
X10,2024,oc2cruisermix,4,34950,1000,0,2
X11,2024,oc2cruisermix,5,35230,1033,0,2
X2,2024,oc2cruisermix,6,35299,1040,0,2
X3,2024,oc2cruisermix,7,35690,1072,0,2
X4,2024,oc2cruisermix,11,41562,1475,0,2
X5,2024,oc2cruisermix,3,34445,942,0,2
X6,2024,oc2cruisermix,9,39929,1398,0,2
X7,2024,oc2cruisermix,2,33429,801,0,2
X8,2024,oc2cruisermix,8,37190,1203,0,2
X9,2024,oc2cruisermix,1,33062,761,0,2
A1,2025,oc2stockalum,3,41007,1448,0,2
A2,2025,oc2stockalum,1,38733,1328,0,2
A3,2025,oc2stockalum,4,43360,1546,0,2
A5,2025,oc2stockalum,2,40215,1414,0,2
B1,2025,oc4stock,4,34800,982,0,4
B2,2025,oc4stock,2,29902,267,0,4
B3,2025,oc4stock,3,32404,653,0,4
B4,2025,oc4stock,1,29501,220,0,4
B5,2025,oc4stock,5,40869,1443,0,4
E1,2025,oc2stock,2,32421,655,0,2
E10,2025,oc2stock,6,34722,973,0,2
E12,2025,oc2stock,3,32435,657,0,2
E13,2025,oc2stock,5,33715,842,0,2
E3,2025,oc2stock,9,42262,1503,0,2
E4,2025,oc2stock,7,35578,1064,0,2
E5,2025,oc2stock,8,38484,1309,0,2
E6,2025,oc2stock,4,32507,675,0,2
E7,2025,oc2stock,1,31287,492,0,2
F1,2025,oc2stockmix,7,38607,1321,0,2
F2,2025,oc2stockmix,2,32745,714,0,2
F3,2025,oc2stockmix,6,36839,1185,0,2
F4,2025,oc2stockmix,3,32920,738,0,2
F5,2025,oc2stockmix,5,36733,1171,0,2
F6,2025,oc2stockmix,8,41259,1462,0,2
F7,2025,oc2stockmix,4,34080,892,0,2
F8,2025,oc2stockmix,1,30741,394,0,2
J2,2025,oc1,1,32522,679,0,1
J3,2025,oc1,2,34327,922,0,1
J5,2025,oc1,3,36062,1114,0,1
L1,2025,oc1master,1,31139,460,0,1
L2,2025,oc1master,2,32037,587,0,1
L4,2025,oc1master,5,36381,1150,0,1
L5,2025,oc1master,3,32077,596,0,1
L6,2025,oc1master,7,38398,1300,0,1
L7,2025,oc1master,6,37552,1233,0,1
L8,2025,oc1master,4,36010,1109,0,1
O1,2025,oc4unlimited,3,28161,99,0,4
O2,2025,oc4unlimited,2,26560,21,0,4
O3,2025,oc4unlimited,4,29072,177,0,4
O4,2025,oc4unlimited,1,26501,18,0,4
P1,2025,oc2pro,49,29965,273,1,2
P10,2025,oc2pro,34,28673,138,1,2
P11,2025,oc2pro,30,28530,126,1,2
P12,2025,oc2pro,19,27819,78,1,2
P13,2025,oc2pro,44,29361,211,1,2
P14,2025,oc2pro,36,28750,145,1,2
P15,2025,oc2pro,48,29783,254,1,2
P16,2025,oc2pro,14,27387,50,1,2
P17,2025,oc2pro,32,28623,134,1,2
P18,2025,oc2pro,53,30962,435,1,2
P19,2025,oc2pro,51,30220,307,1,2
P2,2025,oc2pro,10,27151,36,1,2
P20,2025,oc2pro,37,28757,147,1,2
P21,2025,oc2pro,43,29316,207,1,2
P22,2025,oc2pro,9,27127,35,1,2
P23,2025,oc2pro,18,27759,69,1,2
P24,2025,oc2pro,45,29474,217,1,2
P25,2025,oc2pro,35,28716,143,1,2
P26,2025,oc2pro,3,26262,9,1,2
P27,2025,oc2pro,24,28202,103,1,2
P28,2025,oc2pro,5,26451,16,1,2
P3,2025,oc2pro,28,28444,121,1,2
P30,2025,oc2pro,22,27893,84,1,2
P31,2025,oc2pro,54,31158,468,1,2
P32,2025,oc2pro,46,29642,234,1,2
P33,2025,oc2pro,6,26603,23,1,2
P34,2025,oc2pro,27,28337,113,1,2
P35,2025,oc2pro,12,27313,42,1,2
P36,2025,oc2pro,16,27688,67,1,2
P37,2025,oc2pro,41,29100,180,1,2
P38,2025,oc2pro,23,27919,86,1,2
P39,2025,oc2pro,1,26166,5,1,2
P4,2025,oc2pro,31,28591,132,1,2
P40,2025,oc2pro,25,28254,107,1,2
P41,2025,oc2pro,42,29164,192,1,2
P42,2025,oc2pro,39,28801,156,1,2
P43,2025,oc2pro,11,27293,41,1,2
P44,2025,oc2pro,4,26407,13,1,2
P45,2025,oc2pro,56,33670,837,1,2
P46,2025,oc2pro,8,27019,34,1,2
P47,2025,oc2pro,21,27854,80,1,2
P48,2025,oc2pro,52,30834,413,1,2
P49,2025,oc2pro,20,27821,79,1,2
P5,2025,oc2pro,55,31181,471,1,2
P50,2025,oc2pro,50,30191,300,1,2
P51,2025,oc2pro,47,29655,238,1,2
P53,2025,oc2pro,17,27690,68,1,2
P54,2025,oc2pro,26,28293,111,1,2
P55,2025,oc2pro,29,28523,125,1,2
P56,2025,oc2pro,7,26842,29,1,2
P57,2025,oc2pro,15,27462,53,1,2
P58,2025,oc2pro,33,28626,135,1,2
P59,2025,oc2pro,40,28991,172,1,2
P6,2025,oc2pro,38,28770,149,1,2
P7,2025,oc2pro,13,27352,46,1,2
P8,2025,oc2pro,2,26237,6,1,2
R2,2025,oc1stock,4,37468,1229,0,1
R3,2025,oc1stock,1,35401,1045,0,1
R4,2025,oc1stock,3,37373,1221,0,1
R5,2025,oc1stock,5,38399,1301,0,1
R6,2025,oc1stock,2,36012,1110,0,1
R7,2025,oc1stock,6,39404,1369,0,1
S1,2025,oc1pro,4,37296,1215,1,1
S2,2025,oc1pro,3,30972,439,1,1
S3,2025,oc1pro,2,30228,311,1,1
S5,2025,oc1pro,1,30195,301,1,1
T1,2025,oc2cruiser,3,33101,766,0,2
T3,2025,oc2cruiser,2,32749,715,0,2
T4,2025,oc2cruiser,1,28962,169,0,2
U1,2025,oc2cruisersenior,4,33827,858,0,2
U2,2025,oc2cruisersenior,2,29645,235,0,2
U3,2025,oc2cruisersenior,1,29170,195,0,2
U4,2025,oc2cruisersenior,3,31127,458,0,2
V1,2025,oc2cruisermaster,3,33115,767,0,2
V2,2025,oc2cruisermaster,2,32123,604,0,2
V3,2025,oc2cruisermaster,1,30237,316,0,2
X1,2025,oc2cruisermix,8,35787,1084,0,2
X2,2025,oc2cruisermix,1,29985,278,0,2
X3,2025,oc2cruisermix,2,30395,347,0,2
X4,2025,oc2cruisermix,4,31387,501,0,2
X5,2025,oc2cruisermix,6,34807,983,0,2
X6,2025,oc2cruisermix,3,30675,386,0,2
X7,2025,oc2cruisermix,5,32471,670,0,2
X8,2025,oc2cruisermix,7,35472,1051,0,2
Y1,2025,oc2cruiserwomen,2,32520,678,0,2
Y2,2025,oc2cruiserwomen,3,38352,1296,0,2
Y3,2025,oc2cruiserwomen,1,31640,542,0,2
