Rank,Name,Nation,TP,SP,FS,Year
1,Yuzuru Hanyu, Japan,317.85,111.68,206.17,2018
2,Shoma Uno, Japan,306.9,104.17,202.73,2018
3,Javier Fernández, Spain,305.24,107.58,197.66,2018
4,Jin Boyang, China,297.77,103.32,194.45,2018
5,Nathan Chen, United States,297.35,82.27,215.08,2018
6,Vincent Zhou, United States,276.69,84.53,192.16,2018
7,Dmitri Aliev, Olympic Athletes from Russia,267.51,98.98,168.53,2018
8,Mikhail Kolyada, Olympic Athletes from Russia,264.25,86.69,177.56,2018
9,Patrick Chan, Canada,263.43,90.01,173.42,2018
10,Adam Rippon, United States,259.36,87.95,171.41,2018
11,Alexei Bychenko, Israel,257.01,84.13,172.88,2018
12,Keegan Messing, Canada,255.43,85.11,170.32,2018
13,Daniel Samohin, Israel,251.44,80.69,170.75,2018
14,Jorik Hendrickx, Belgium,248.95,84.74,164.21,2018
15,Cha Jun-hwan, South Korea,248.59,83.43,165.16,2018
16,Michal B?ezina, Czech Republic,246.07,85.15,160.92,2018
17,Misha Ge, Uzbekistan,244.94,83.9,161.04,2018
18,Keiji Tanaka, Japan,244.83,80.05,164.78,2018
19,Deniss Vasi?jevs, Latvia,234.58,79.52,155.06,2018
20,Brendan Kerry, Australia,233.81,83.06,150.75,2018
21,Matteo Rizzo, Italy,232.41,75.63,156.78,2018
22,Paul Fentz, Germany,214.55,74.73,139.82,2018
23,Yan Han, China,213.01,80.63,132.38,2018
24,Moris Kvitelashvili, Georgia,204.57,76.56,128.01,2018
1,Yuzuru Hanyu, Japan,280.09,101.45,178.64,2014
2,Patrick Chan, Canada,275.62,97.52,178.1,2014
3,Denis Ten, Kazakhstan,255.1,84.06,171.04,2014
4,Javier Fernández, Spain,253.92,86.98,166.94,2014
5,Tatsuki Machida, Japan,253.42,83.48,169.94,2014
6,Daisuke Takahashi, Japan,250.67,86.4,164.27,2014
7,Yan Han, China,246.2,85.66,160.54,2014
8,Peter Liebers, Germany,239.87,86.04,153.83,2014
9,Jason Brown, United States,238.37,86,152.37,2014
10,Michal B?ezina, Czech Republic,233.62,81.95,151.67,2014
11,Tomáš Verner, Czech Republic,232.99,81.09,151.9,2014
12,Jeremy Abbott, United States,232.7,72.58,160.12,2014
13,Brian Joubert, France,231.77,85.84,145.93,2014
14,Alexander Majorov, Sweden,224.86,83.81,141.05,2014
15,Kevin Reynolds, Canada,222.23,68.76,153.47,2014
16,Jorik Hendrickx, Belgium,214.04,72.52,141.52,2014
17,Misha Ge, Uzbekistan,203.26,68.07,135.19,2014
18,Florent Amodio, France,198.64,75.58,123.06,2014
19,Michael Christian Martinez, Philippines,184.25,64.81,119.44,2014
20,Yakov Godorozha, Ukraine,182.19,62.65,119.54,2014
21,Alexei Bychenko, Israel,177.06,62.44,114.62,2014
22,Abzal Rakimgaliev, Kazakhstan,174.4,64.18,110.22,2014
23,Zoltán Kelemen, Romania,158.76,60.41,98.35,2014
24,Viktor Romanenkov, Estonia,139.99,61.55,78.44,2014
1,Evan Lysacek, United States,257.67,90.3,167.37,2010
2,Evgeni Plushenko, Russia,256.36,90.85,165.51,2010
3,Daisuke Takahashi, Japan,247.23,90.25,156.98,2010
4,Stéphane Lambiel, Switzerland,246.72,84.63,162.09,2010
5,Patrick Chan, Canada,241.42,81.12,160.3,2010
6,Johnny Weir, United States,238.87,82.1,156.77,2010
7,Nobunari Oda, Japan,238.54,84.85,153.69,2010
8,Takahiko Kozuka, Japan,231.19,79.59,151.6,2010
9,Jeremy Abbott, United States,218.96,69.4,149.56,2010
10,Michal B?ezina, Czech Republic,216.73,78.8,137.93,2010
11,Denis Ten, Kazakhstan,211.25,76.24,135.01,2010
12,Florent Amodio, France,210.3,75.35,134.95,2010
13,Artem Borodulin, Russia,210.16,72.24,137.92,2010
14,Javier Fernández, Spain,206.68,68.69,137.99,2010
15,Adrian Schultheiss, Sweden,200.44,63.13,137.31,2010
16,Brian Joubert, France,200.22,68,132.22,2010
17,Kevin van der Perren, Belgium,189.84,72.9,116.94,2010
18,Samuel Contesti, Italy,187.5,70.6,116.9,2010
19,Tomáš Verner, Czech Republic,184.74,65.32,119.42,2010
20,Paolo Bacchini, Italy,177.21,64.42,112.79,2010
21,Viktor Pfeifer, Austria,175.93,60.88,115.05,2010
22,Stefan Lindemann, Germany,171.98,68.5,103.48,2010
23,Vaughn Chipeur, Canada,170.92,57.22,113.7,2010
24,Anton Kovalevski, Ukraine,165.9,63.81,102.09,2010
1,Evgeni Plushenko, Russia,258.33,90.66,167.67,2006
2,Stéphane Lambiel, Switzerland,231.21,79.04,152.17,2006
3,Jeffrey Buttle, Canada,227.59,73.29,154.3,2006
4,Evan Lysacek, United States,220.13,67.55,152.58,2006
5,Johnny Weir, United States,216.63,80,136.63,2006
6,Brian Joubert, France,212.89,77.77,135.12,2006
7,Matthew Savoie, United States,206.67,69.15,137.52,2006
8,Daisuke Takahashi, Japan,204.89,73.77,131.12,2006
9,Kevin van der Perren, Belgium,197.39,65.36,132.03,2006
10,Zhang Min, China,196.27,67.39,128.88,2006
11,Ilia Klimkin, Russia,191.8,61.61,130.19,2006
12,Shawn Sawyer, Canada,190.83,67.2,123.63,2006
13,Emanuel Sandhu, Canada,190.24,69.75,120.49,2006
14,Gheorghe Chiper, Romania,186.19,67.66,118.53,2006
15,Sergei Davydov, Belarus,184.59,64.65,119.94,2006
16,Li Chengjiang, China,182.21,60.23,121.98,2006
17,Ivan Dinev, Bulgaria,180.11,63.64,116.47,2006
18,Tomáš Verner, Czech Republic,180.07,59.71,120.36,2006
19,Frédéric Dambier, France,177.59,61.17,116.42,2006
20,Anton Kovalevski, Ukraine,172.84,63.41,109.43,2006
21,Stefan Lindemann, Germany,172.57,60.52,112.05,2006
22,Viktor Pfeifer, Austria,163.87,62.17,101.7,2006
23,Kristoffer Berntsson, Sweden,161.95,59.55,102.4,2006
24,Zoltán Tóth, Hungary,145.47,55.07,90.4,2006
1,Nathan Chen, United States,332.6,113.97,218.63,2022
2,Yuma Kagiyama, Japan,310.05,108.12,201.93,2022
3,Shoma Uno, Japan,293,105.9,187.1,2022
4,Yuzuru Hanyu, Japan,283.21,95.15,188.06,2022
5,Cha Jun-hwan, South Korea,282.38,99.51,182.87,2022
6,Jason Brown, United States,281.24,97.24,184,2022
7,Daniel Grassl, Italy,278.07,90.64,187.43,2022
8,Evgeni Semenenko, ROC,274.13,95.76,178.37,2022
9,Jin Boyang, China,270.43,90.98,179.45,2022
10,Morisi Kvitelashvili, Georgia,268.62,97.98,170.64,2022
11,Keegan Messing, Canada,265.61,93.24,172.37,2022
12,Kévin Aymoz, France,254.8,93,161.8,2022
13,Deniss Vasi?jevs, Latvia,252.71,85.3,167.41,2022
14,Adam Siao Him Fa, France,250.15,86.74,163.41,2022
15,Mark Kondratiuk, ROC,248.82,86.11,162.71,2022
16,Matteo Rizzo, Italy,247.53,88.63,158.9,2022
17,Brendan Kerry, Australia,244.8,84.79,160.01,2022
18,Vladimir Litvintsev, Azerbaijan,239.19,84.15,155.04,2022
19,Andrei Mozalev, ROC,233.33,77.05,156.28,2022
20,Konstantin Milyukov, Belarus,222.22,78.49,143.73,2022
21,Nikolaj Majorov, Sweden,220.78,78.54,142.24,2022
22,Donovan Carrillo, Mexico,218.13,79.69,138.44,2022
23,Lukas Britschgi, Switzerland,212.58,76.16,136.42,2022
24,Ivan Shmuratko, Ukraine,205.76,78.11,127.65,2022
